{
  "usage_data": [],
  "performance_metrics": {
    "fps": 0,
    "confidence": 0.7,
    "attention_score": 0.046298632153691434,
    "head_pose": [
      21.309350459008435,
      23.898169858838884,
      24.86923576010256
    ],
    "calibrated": true,
    "tracking_mode": "Pure Eye Movement",
    "cursor_control_enabled": true,
    "screen_engagement": true
  },
  "session_duration": 1765006182.1653016,
  "screen_resolution": [
    1920,
    1080
  ]
}